created_at,text,Polarity,Subjectivity
Thu Apr 21 18:13:08 +0000 2016,"@thingexplainer a dick joke on tv??? yes. y e s. jeb bush??? he happened. its, wild",0.1,0.4
Thu Apr 21 18:13:51 +0000 2016,Coming soon to Team Cruz in Indiana: Jeb Bush and/or Mitt Romney? - Hot Air https://t.co/muTeqoKpzi,0.25,0.8500000000000001
Thu Apr 21 18:47:30 +0000 2016,"2170) Jeb Bush says he gave U.S. Senator Ted Cruz a new catchy ""Read My Lips"" makeover,
to attract female voters  https://t.co/YH1gma5l9M",0.06818181818181818,0.3106060606060606
Thu Apr 21 18:48:47 +0000 2016,"RT @GoodbyeKoch: #Koch Brothers, Rick Scott And Jeb Bush Exposed In Florida Pipeline Scandal  https://t.co/12IQZAPfYY",-0.193006,0.0
Thu Apr 21 18:49:05 +0000 2016,"RT @GoodbyeKoch: #Koch Brothers, Rick Scott And Jeb Bush Exposed In Florida Pipeline Scandal  https://t.co/12IQZAPfYY",-0.193006,0.0
Thu Apr 21 18:51:21 +0000 2016,"@CarmineZozzora @jko417 @th_christine @tedcruz @FoxNews WHAT, JEB BUSH, HE COULDN'T LEAD PARADE!",-0.3125,0.23333333333333334
Thu Apr 21 18:51:43 +0000 2016,"RT @chazzz54: UPDATE: Legal Action Against Koch Brothers, Rick Scott &amp; Jeb Bush Goes To U.S. Supreme Court https://t.co/ojD8cCMlVK",0.15000000000000002,0.15000000000000002
Thu Apr 21 18:51:56 +0000 2016,"RT @JeanetteJing: ""President"" George W Bush was installed with #ElectionFraud by Jeb Bush's administration. https://t.co/qTXUYfOSKE",0.484454,0.0
Thu Apr 21 18:54:26 +0000 2016,@joshnewmantweet Jeb bush. No doubt,0.0,0.0
Thu Apr 21 18:55:54 +0000 2016,"RT @GoodbyeKoch: #Koch Brothers, Rick Scott And Jeb Bush Exposed In Florida Pipeline Scandal  https://t.co/12IQZAPfYY",-0.193006,0.0
Thu Apr 21 18:57:53 +0000 2016,"RT @crampell: so some people rewrote the entire ""Hamilton"" libretto as a parody about Jeb Bush https://t.co/14RIroirG8 CC @petridishes",-0.0768074,0.625
Thu Apr 21 19:03:27 +0000 2016,"RT @GoodbyeKoch: #Koch Brothers, Rick Scott And Jeb Bush Exposed In Florida Pipeline Scandal  https://t.co/12IQZAPfYY",-0.193006,0.0
Thu Apr 21 19:05:09 +0000 2016,"RT @crampell: so some people rewrote the entire ""Hamilton"" libretto as a parody about Jeb Bush https://t.co/14RIroirG8 CC @petridishes",-0.0768074,0.625
Thu Apr 21 19:05:22 +0000 2016,MT @gerfingerpoken: Jeb Bush vs. the 2nd Amendment - Sees no national right to bear arms. https://t.co/ybjWvMGJPx #WakeUpAmerica #PJNET,0.14285714285714285,0.26785714285714285
Thu Apr 21 19:06:02 +0000 2016,"RT @crampell: so some people rewrote the entire ""Hamilton"" libretto as a parody about Jeb Bush https://t.co/14RIroirG8 CC @petridishes",-0.0768074,0.625
Thu Apr 21 19:07:26 +0000 2016,"RT @chazzz54: UPDATE: Legal Action Against Koch Brothers, Rick Scott &amp; Jeb Bush Goes To U.S. Supreme Court https://t.co/ojD8cCMlVK",0.15000000000000002,0.15000000000000002
Thu Apr 21 19:05:43 +0000 2016,@dedge1325 @tedcruz Why would Trump debate someone who has already lost? Should he debate Jeb Bush too? https://t.co/YlnfOxN23Y,0.484454,0.0
Thu Apr 21 19:12:48 +0000 2016,"RT @MotherJones: Jeb Bush's campaign, once flush with cash, is now $260,000 in debt https://t.co/VDmf3R0en6 https://t.co/ozCEuPhZsV",-0.485096,0.0
Thu Apr 21 19:12:53 +0000 2016,"@politico @JohnKasich @vine Jeb bush's ""please clap"" version 2.0",0.0,0.0
Thu Apr 21 19:13:37 +0000 2016,RT @Politicon: Anybody got a Tubman we can lend to @JebBush? https://t.co/skZgSmUDuY via @motherjones,-0.485096,0.0
Thu Apr 21 19:13:52 +0000 2016,"@politico @JohnKasich  Kasich having a ""Jeb Bush"" morning, having to ask for applauses?",0.0,0.0
Thu Apr 21 19:15:07 +0000 2016,"@symplsymin @BestBotoxNurse @LuvRedWhiteBlue @FoxNews 
Senator Cruz brought Neil/Jeb Bush, ""Jeb!"" staffers AND McConnell's Atty.
GOPe?
Fair?",0.7,0.9
Thu Apr 21 19:23:28 +0000 2016,"Jeb Bush's Campaign, Once Flush With Cash, Is Now $260,000 in Debt https://t.co/Pj8GJhsuFq #NotMeUs https://t.co/iqDQih9TZ1",-0.485096,0.0
Thu Apr 21 19:25:02 +0000 2016,"@HahnJaime @Nero @continetti 
Jeb Bush disagrees. 
As do Cruz's super PACs. 
As does Goldman Sachs.",0.3333333333333333,0.6666666666666666
Thu Apr 21 19:26:06 +0000 2016,RT @DavidCornDC: This is really embarrassing for Jeb Bush  https://t.co/OljbYbEqBX https://t.co/3QKFdJWmlE,0.2,0.2
Thu Apr 21 19:26:33 +0000 2016,"RT @chazzz54: UPDATE: Legal Action Against Koch Brothers, Rick Scott &amp; Jeb Bush Goes To U.S. Supreme Court https://t.co/ojD8cCMlVK",0.15000000000000002,0.15000000000000002
Thu Apr 21 19:29:40 +0000 2016,RT @LOLGOP: How can you say that? Trump has even defeated the great Jeb Bush! https://t.co/5kzhh7Tmlf,1.0,0.75
Thu Apr 21 19:32:12 +0000 2016,Jeb Bush Height https://t.co/8X0YDB76SQ #JebBush,0,0.0
Thu Apr 21 19:34:19 +0000 2016,@nytgraphics @nytpolitics how much did Jeb Bush spend. And he didn't get anything for it,0.2,0.2
Thu Apr 21 19:34:43 +0000 2016,@ryan_is_gregory jeb. bush.......is a missed take,0.0,0.0
Thu Apr 21 19:34:49 +0000 2016,RT @AaronHlavaty: @ryan_is_gregory jeb. bush.......is a missed take,0.0,0.0
Thu Apr 21 19:43:23 +0000 2016,There are more people on this wait list to get to BOS than people who voted for Jeb Bush,0.5,0.5
Thu Apr 21 19:43:32 +0000 2016,@prema46 @KyleKulinski @YouTube Not true.https://t.co/o2wmzgQbs9,-0.156263,0.0
Thu Apr 21 19:45:38 +0000 2016,@Norsebattleaxe @mitchellvii @tedcruz Time 4 TED! Rafael 2 drop out&amp; STOP burning money like buddy JEB! $130M waste #Bush #TedCruz #superpac,-0.2,0.0
Thu Apr 21 19:45:51 +0000 2016,Campaigning TIME Jeb Bush And Other Republicans May Skip GOP Convention In Cleveland https://t.co/sTAHX5mJV6 via @conservintel,-0.125,0.375
Thu Apr 21 19:45:54 +0000 2016,"RT @chazzz54: UPDATE: Legal Action Against Koch Brothers, Rick Scott &amp; Jeb Bush Goes To U.S. Supreme Court https://t.co/ojD8cCMlVK",0.15000000000000002,0.15000000000000002
Thu Apr 21 19:52:36 +0000 2016,RT @DavidCornDC: This is really embarrassing for Jeb Bush  https://t.co/OljbYbEqBX https://t.co/3QKFdJWmlE,0.2,0.2
Thu Apr 21 19:55:20 +0000 2016,TI archive: Jeb Bush stunned his Apple Watch receives calls https://t.co/yqUqw5xLQJ #applewatch #calls #jebbush,-0.125887,0.0
Thu Apr 21 19:56:41 +0000 2016,"Trump never passed legislation,has excuse. What political fodder will Trump make of this in a debate w/HC?  https://t.co/8IE80PflD8",-0.025,0.07500000000000001
Thu Apr 21 19:58:04 +0000 2016,RIP Prince. He died from a drive-by 360-NoScope by the love child of Jeb Bush and Lee Harvey Oswald,0.5,0.6
Thu Apr 21 20:00:45 +0000 2016,"RT @AnnCoulter: If Kasich were any more boring, he'd be Jeb! Bush.",-0.25,0.75
Thu Apr 21 20:03:20 +0000 2016,"Little Growers Program today, 4-6pm! Plant basil with Jeb Bush from High Hope Plantation! #farmersmarketbluffton https://t.co/XDOpmWxCNX",-0.017187499999999994,0.52
Thu Apr 21 20:03:26 +0000 2016,"Little Growers Program today, 4-6pm! Plant basil with Jeb Bush from High Hope Plantation! #farmersmarketbluffton https://t.co/4HkgziC4RY",-0.017187499999999994,0.52
Thu Apr 21 20:03:56 +0000 2016,"@realDonaldTrump Don't select pro-amnesty Rubio as your VP! He's a globalist puppet just as Jeb Bush &amp; Kasich are, &amp; Ted Cruz is pro-NAU!",0.0,0.0
Thu Apr 21 20:05:21 +0000 2016,@ckilpatrick you would think someone in Florida would know it was not Ralph Nader who stole the election it was Jeb Bush,0.0,0.0
Thu Apr 21 20:08:21 +0000 2016,@wolfe_fan @Flatland_USA he was the Jeb Bush of his time,0.0,0.0
Thu Apr 21 20:10:16 +0000 2016,@tpsavah @BarbMuenchen RNC have Jeb Bush in the wings.  Wait until they see how many leave the RNC  party.,0.5,0.5
Thu Apr 21 20:12:06 +0000 2016,RT @jpodhoretz: It's completely amazing. https://t.co/nzGaMdWRd1,0.6000000000000001,0.9
Thu Apr 21 20:12:18 +0000 2016,RT @RepDAnder: @tpsavah @BarbMuenchen RNC have Jeb Bush in the wings.  Wait until they see how many leave the RNC  party.,0.5,0.5
Thu Apr 21 20:12:31 +0000 2016,I liked a @YouTube video from @fpsgameclips https://t.co/UAjSxCGDto Jeb Bush - Cringe Compilation,0.6,0.8
Thu Apr 21 20:12:32 +0000 2016,@tylenolandbeer BUD I DON'T EVEN KNO. ON MY PERSONAL I HAVE JEB BUSH YELLING https://t.co/FSV7YsqYe0,0.484454,0.3
Thu Apr 21 20:13:17 +0000 2016,FOLLOW ME IF YOUR FOR TRUMP..@realDonaldTrump WILL BEAT HILLARY ONCE HE STARTS TO HIT HER...RETWEET  https://t.co/G0z9Dq5Z6N,0.484454,0.0
Thu Apr 21 20:15:34 +0000 2016,RT @RepDAnder: @tpsavah @BarbMuenchen RNC have Jeb Bush in the wings.  Wait until they see how many leave the RNC  party.,0.5,0.5
Thu Apr 21 20:15:54 +0000 2016,Jeb Bush Endorses Ted Cruz in Republican Primary... https://t.co/WL5m3wnUtR https://t.co/xBdhWkhBwF,0.4,0.5
Thu Apr 21 20:16:10 +0000 2016,Remember when Jeb Bush ran for president lol what even was that?,0.8,0.7
Thu Apr 21 20:17:08 +0000 2016,"Jeb Bush: 'Donald Trump, you're the loser' https://t.co/PXMZrciANX #Ghostbusters #GIFparty #Biathlon #Hitlerdroge #WorldBookDay",-0.308468,0.0
Thu Apr 21 20:28:07 +0000 2016,RT @RepDAnder: @tpsavah @BarbMuenchen RNC have Jeb Bush in the wings.  Wait until they see how many leave the RNC  party.,0.5,0.5
Thu Apr 21 20:28:48 +0000 2016,@Michaelbmann3 Maybe you'll see more now that he's got his own musical! https://t.co/qWuzNPhgGH,0.3666666666666667,0.5
Thu Apr 21 20:29:09 +0000 2016,I miss Jeb Bush looking like a pussy in front of millions every republican debate #RIP,0.0,0.0
Thu Apr 21 20:29:18 +0000 2016,Did #DonaldTrump save the GOP from Jeb Bush? #theNewYorkTimes #RepublicanParty https://t.co/rkxlEQTlVn https://t.co/taKcjmYH2r,-0.0938173,0.0
Thu Apr 21 20:34:39 +0000 2016,"I liked a @YouTube video https://t.co/wqVMzhnf0l Donald Trump, Jeb Bush get heated over Syria, national security",0.6,0.8
Thu Apr 21 20:35:23 +0000 2016,"Jeb Bush: The U.S. Chamber of Commerce's Waterboy https://t.co/QHmiBtGivs  via @3tags_org
#PJNET",-0.58325,0.0
Thu Apr 21 20:41:03 +0000 2016,"I wonder that, too. It's like Jeb Bush having his mom praise him. At least Bill Clinton has political experience. https://t.co/rIOXpTyLCR",-0.15,0.25
Thu Apr 21 20:42:00 +0000 2016,RT @RepDAnder: @tpsavah @BarbMuenchen RNC have Jeb Bush in the wings.  Wait until they see how many leave the RNC  party.,0.5,0.5
Thu Apr 21 20:44:09 +0000 2016,"@ameripundit @_HankRearden @Sweetatertot @KostJason @tripstain If Ted's ""grassroots"" had their way Jeb Bush would be the nominee.",0.0,0.0
Thu Apr 21 20:45:03 +0000 2016,".@FoxNewsLive @TeamCavuto  McCain? Jeb Bush?  LUMINARIES?  Well technically, Dim Bulbs qualify - - I guess - - - :(:(",-0.4666666666666666,0.8333333333333334
Thu Apr 21 20:45:13 +0000 2016,"Jeb Bush's campaign, once flush with cash, is now $260,000 in debt. https://t.co/VDmf3R0en6 https://t.co/t4ctKQ3Y1k",-0.485096,0.0
Thu Apr 21 20:46:17 +0000 2016,RT @DanaSchwartzzz: George Bush Sr. and George W talking about Area 51 during family dinners and making Jeb leave the room,-0.75,1.0
Thu Apr 21 20:46:17 +0000 2016,Now that is a true conservative.  https://t.co/8A48kUnOOD,0.35,0.65
Thu Apr 21 20:46:26 +0000 2016,I want to watch a documentary on his campaign SO badly. https://t.co/1RwqXJBB5R,-0.3499999999999999,0.3333333333333333
Thu Apr 21 20:47:08 +0000 2016,Please clap. https://t.co/XHoA0zvZdG,0.484454,0.0
Thu Apr 21 20:47:41 +0000 2016,Ouch. https://t.co/2SYlBwmYA2,0.484454,0.0
Thu Apr 21 20:48:49 +0000 2016,"RT @MotherJones: Jeb Bush's campaign, once flush with cash, is now $260,000 in debt. https://t.co/VDmf3R0en6 https://t.co/t4ctKQ3Y1k",-0.485096,0.0
Thu Apr 21 20:49:11 +0000 2016,"Meh, that's like 1 Hillary speech. https://t.co/HYq7soOt5Q",0.484454,0.0
Thu Apr 21 20:53:18 +0000 2016,"RT @MotherJones: Jeb Bush's campaign, once flush with cash, is now $260,000 in debt. https://t.co/VDmf3R0en6 https://t.co/t4ctKQ3Y1k",-0.485096,0.0
Thu Apr 21 20:54:01 +0000 2016,I think this March 2015 tweet was on point: https://t.co/aBNYpfHRBO,0.484454,0.0
Thu Apr 21 20:54:33 +0000 2016,RT @BuzzFeedAndrew: I think this March 2015 tweet was on point: https://t.co/aBNYpfHRBO,0.484454,0.0
Thu Apr 21 20:54:48 +0000 2016,I'm sure Jeb! will recover. https://t.co/M5rIAE1VhU,0.625,0.8888888888888888
Thu Apr 21 20:55:00 +0000 2016,RT @BuzzFeedAndrew: I think this March 2015 tweet was on point: https://t.co/aBNYpfHRBO,0.484454,0.0
Thu Apr 21 20:57:24 +0000 2016,RT @BuzzFeedAndrew: I think this March 2015 tweet was on point: https://t.co/aBNYpfHRBO,0.484454,0.0
Thu Apr 21 20:57:51 +0000 2016,"@tedcruz These ads screen Jeb Bush people all over it, what a sell out Ted Cruz is",0.0,0.0
Thu Apr 21 21:01:17 +0000 2016,@Mckenzie_Davis0 Jeb bush,0.0,0.0
Thu Apr 21 21:02:03 +0000 2016,RT @techislet: TI archive: Jeb Bush stunned his Apple Watch receives calls https://t.co/yqUqw5xLQJ #applewatch #calls #jebbush,-0.125887,0.0
Thu Apr 21 21:03:33 +0000 2016,RT @BuzzFeedAndrew: I think this March 2015 tweet was on point: https://t.co/aBNYpfHRBO,0.484454,0.0
Thu Apr 21 21:03:50 +0000 2016,RT @BuzzFeedAndrew: I think this March 2015 tweet was on point: https://t.co/aBNYpfHRBO,0.484454,0.0
Thu Apr 21 21:08:49 +0000 2016,Cruz plans on bringing in Jeb Bush and Mitt Romney to campaign for him in Indiana. That should help Trump.,0.0,0.0
Thu Apr 21 21:10:49 +0000 2016,"RT @MotherJones: Jeb Bush's campaign, once flush with cash, is now $260,000 in debt. https://t.co/VDmf3R0en6 https://t.co/t4ctKQ3Y1k",-0.485096,0.0
Thu Apr 21 21:14:15 +0000 2016,ONE MILLION MOMS GRUNT is about to send out JEB BUSH!,0.0,0.0
Thu Apr 21 21:15:19 +0000 2016,This is really embarrassing for Jeb! This is really embarrassing for Jeb Bush https://t.co/nLz7cfo2Vu via @motherjones,0.225,0.2
Thu Apr 21 21:16:14 +0000 2016,A bunch of college kids actually wrote a full-length Hamilton parody about Jeb Bush: https://t.co/GcSxX90VSi via @BrowBeat,0.016666666666666666,0.26666666666666666
Thu Apr 21 21:17:27 +0000 2016,"""Trump spent 13 cents per vote in NY. Jeb Bush spent $2,800 per vote in Iowa"" #HowieCarr #NHPrimary #Trump",-0.1,0.1
Thu Apr 21 21:17:36 +0000 2016,"Son of a Siberian sap sucker! Mean, over bearing, should've moved into dem side, cuz R is not him!  https://t.co/xr2V0SXwv9",-0.3828125,0.74375
Thu Apr 21 21:18:16 +0000 2016,"Kasich is a follower, not a leader! https://t.co/qx165In7uX",0.484454,0.0
Thu Apr 21 21:22:13 +0000 2016,RT @Colony14: Cruz plans on bringing in Jeb Bush and Mitt Romney to campaign for him in Indiana. That should help Trump.,0.0,0.0
Thu Apr 21 21:31:20 +0000 2016,Jeb Bush has pledged that if Trump makes him his VP choice he will put a full 86.5% of his low energy into the Presidential campaign.  #gop,0.175,0.42500000000000004
Thu Apr 21 21:35:37 +0000 2016,"RT @MotherJones: Jeb Bush's campaign, once flush with cash, is now $260,000 in debt. https://t.co/VDmf3R0en6 https://t.co/t4ctKQ3Y1k",-0.485096,0.0
Thu Apr 21 21:36:15 +0000 2016,I fucking hate Jeb Bush,-0.8,0.9
Thu Apr 21 21:38:59 +0000 2016,"RT @AnnCoulter: If Kasich were any more boring, he'd be Jeb! Bush.",-0.25,0.75
Thu Apr 21 21:40:02 +0000 2016,Bush for Look look Jeb said we both enjoyed.,0.5,0.7
Thu Apr 21 21:42:32 +0000 2016,"RT @TheAVClub: The internet wrote a full-length, Jeb Bush-inspired version of Hamilton https://t.co/PHs4IixXzf https://t.co/6ObtASdTuR",0.03333333333333333,0.4333333333333333
Thu Apr 21 21:43:36 +0000 2016,@BlasDoug Hes the only one who accepts me for who I am. What a wonderful man! Jeb Bush tried to keep me as far away as possible!,0.275,1.0
Thu Apr 21 21:46:00 +0000 2016,@ScottWalker you people are nuts. I hear Jeb Bush liked Prince. Now go off on that.,0.6,0.8
Thu Apr 21 21:46:08 +0000 2016,"RT @chazzz54: UPDATE: Legal Action Against Koch Brothers, Rick Scott &amp; Jeb Bush Goes To U.S. Supreme Court https://t.co/ojD8cCMlVK",0.15000000000000002,0.15000000000000002
Thu Apr 21 21:50:58 +0000 2016,"@wee_baldy_ian 
Ha! You've gone full Jeb Bush. Shoulda tweeted the pic and just said, ""Norn Iron"".",0.35,0.55
Thu Apr 21 21:51:57 +0000 2016,"@SenSanders ""...has raised around $140 million for his campaign, more than any Republican candidate except Jeb Bush..."" @heatstreet  #nobern",0.5,0.5
Thu Apr 21 21:53:10 +0000 2016,"Today's theory: if the influence of campaign funding were as pernicious as all that, Jeb Bush would be the Republican nominee right now.",0.2857142857142857,0.5357142857142857
Thu Apr 21 21:54:11 +0000 2016,"RT @JeanetteJing: ""President"" George W Bush was installed with #ElectionFraud by Jeb Bush's administration. https://t.co/qTXUYfOSKE",0.484454,0.0
Thu Apr 21 21:55:15 +0000 2016,RT @RepDAnder: @tpsavah @BarbMuenchen RNC have Jeb Bush in the wings.  Wait until they see how many leave the RNC  party.,0.5,0.5
Thu Apr 21 21:55:37 +0000 2016,@MedvedSHOW Trump is a disaster??? morons like you wanted that idiot Jeb Bush as the nominee. now thats a freakin disaster!!!,-0.9,0.9
Thu Apr 21 21:57:42 +0000 2016,@platinumjones @tristankurtz @10velociraptors except she donated to jeb bush's campaign :(,-0.75,1.0
Thu Apr 21 21:59:51 +0000 2016,Is jim benning the jeb bush of NHL general managers? https://t.co/2ttOB7AKjy,0.05000000000000002,0.5
Thu Apr 21 22:00:30 +0000 2016,Jeb Bush has.  https://t.co/l30HnT6CDX,0.484454,0.0
Thu Apr 21 22:01:46 +0000 2016,RT @DavidCornDC: Jeb Bush has.  https://t.co/l30HnT6CDX,0.484454,0.0
Thu Apr 21 22:02:15 +0000 2016,RT @DavidCornDC: Jeb Bush has.  https://t.co/l30HnT6CDX,0.484454,0.0
Thu Apr 21 22:02:25 +0000 2016,This: https://t.co/s0elZ3YAWd,0.484454,0.0
Thu Apr 21 22:04:15 +0000 2016,Jeb Bush my hero for this one. Notice the force of this highfive. #NationalHighFiveDay  https://t.co/zA7OtPoccG,0.484454,0.0
Thu Apr 21 22:05:47 +0000 2016,RT @DavidCornDC: Jeb Bush has.  https://t.co/l30HnT6CDX,0.484454,0.0
Thu Apr 21 22:06:46 +0000 2016,Jeb  bush is fucking sick somewhere https://t.co/X9plXcyKs2,-0.7142857142857143,0.8571428571428571
Thu Apr 21 22:07:40 +0000 2016,RT @bijancbayne: This: https://t.co/s0elZ3YAWd,0.484454,0.0
Thu Apr 21 22:07:51 +0000 2016,Jeb Bush is white meat chicken in a red meat party #ADSOSummit,-0.19999999999999998,0.31666666666666665
Thu Apr 21 22:11:23 +0000 2016,RT @DavidCornDC: Jeb Bush has.  https://t.co/l30HnT6CDX,0.484454,0.0
Thu Apr 21 22:12:39 +0000 2016,Jeb Bush Becomes Latest Republican To Admit Trickle-Down Economics Is A Scam https://t.co/aHVogOjFAC,0.5,0.9
Thu Apr 21 22:13:22 +0000 2016,Jeb Bush Becomes Latest Republican To Admit Trickle-Down Economics Is A Scam - https://t.co/9dUf4VVPWb via @ForwardProgs,0.5,0.9
Thu Apr 21 22:13:26 +0000 2016,"lol!
I often think of him when media claims, ""Hillary is having a hard day.""
Me-&gt; ""No, JEB is having a hard day."" https://t.co/BkeFR9EIoe",0.13888888888888887,0.5944444444444444
Thu Apr 21 22:13:54 +0000 2016,RT @ginastronaut: Never before have I found Jeb Bush so relatable. https://t.co/XzCZdj1RWd,0.0518817,0.0
Thu Apr 21 22:15:55 +0000 2016,RT @DavidCornDC: Jeb Bush has.  https://t.co/l30HnT6CDX,0.484454,0.0
Thu Apr 21 22:17:05 +0000 2016,RT @DavidCornDC: Jeb Bush has.  https://t.co/l30HnT6CDX,0.484454,0.0
Thu Apr 21 22:17:37 +0000 2016,Jeb Bush: the teenager who's older brother wrecked the car &amp; ruined the prom for him. #ADSOSummit,0.16666666666666666,0.3333333333333333
Thu Apr 21 22:18:39 +0000 2016,also jeb bush. i havent heard about him in a while,0.0,0.0
Thu Apr 21 22:19:38 +0000 2016,RT @DavidCornDC: Jeb Bush has.  https://t.co/l30HnT6CDX,0.484454,0.0
Thu Apr 21 22:25:16 +0000 2016,This is really embarrassing for Jeb Bush https://t.co/MpVZColCM8 via @motherjones,0.2,0.2
Thu Apr 21 22:26:10 +0000 2016,This is really embarrassing for Jeb Bush https://t.co/nffyMYLjuc via @MotherJones  There is NO WAY I will feel sorry for Jed Bush.,-0.15,0.6
Thu Apr 21 22:29:31 +0000 2016,RT @DavidCornDC: Jeb Bush has.  https://t.co/l30HnT6CDX,0.484454,0.0
Thu Apr 21 22:30:03 +0000 2016,Trump humbly takes credit for breaking Jeb! Bush - https://t.co/qGaQMW2mUb https://t.co/qsqfqtdJEd,-0.25,0.4
Thu Apr 21 22:31:02 +0000 2016,RT @DavidCornDC: Jeb Bush has.  https://t.co/l30HnT6CDX,0.484454,0.0
Thu Apr 21 22:33:15 +0000 2016,Too lame to run the country https://t.co/BjjkGTlPRy,-0.5,0.75
Thu Apr 21 22:34:14 +0000 2016,@mateagold @wpjenna Jeb Bush wasted SO MUCH money!  So sad he can't even show up for the Cleveland Convention! Very low-ENERGY!,-0.08124999999999999,0.375
Thu Apr 21 22:35:08 +0000 2016,RT @Always_Trump: Trump humbly takes credit for breaking Jeb! Bush - https://t.co/qGaQMW2mUb https://t.co/qsqfqtdJEd,-0.25,0.4
Thu Apr 21 22:35:36 +0000 2016,JEB BUSH DID 7/11!,0.0,0.0
Thu Apr 21 22:36:18 +0000 2016,RT @Always_Trump: Trump humbly takes credit for breaking Jeb! Bush - https://t.co/qGaQMW2mUb https://t.co/qsqfqtdJEd,-0.25,0.4
Thu Apr 21 22:37:45 +0000 2016,RT @Always_Trump: Trump humbly takes credit for breaking Jeb! Bush - https://t.co/qGaQMW2mUb https://t.co/qsqfqtdJEd,-0.25,0.4
Thu Apr 21 22:39:00 +0000 2016,"I don't think he'll be sleeping on park benches anytime soon...
He doesn't know the MEANING of the word poverty. https://t.co/UqatPbQjdR",0.484454,0.0
Thu Apr 21 22:42:23 +0000 2016,RT @DavidCornDC: Jeb Bush has.  https://t.co/l30HnT6CDX,0.484454,0.0
Thu Apr 21 22:46:10 +0000 2016,RT @Always_Trump: Trump humbly takes credit for breaking Jeb! Bush - https://t.co/qGaQMW2mUb https://t.co/qsqfqtdJEd,-0.25,0.4
Thu Apr 21 22:46:19 +0000 2016,"Clarence Thomas, Jeb Bush.....so many people the reaper could have taken. I wasn't prepared for this.",0.5,0.5
Thu Apr 21 22:47:27 +0000 2016,RT @Always_Trump: Trump humbly takes credit for breaking Jeb! Bush - https://t.co/qGaQMW2mUb https://t.co/qsqfqtdJEd,-0.25,0.4
Thu Apr 21 22:47:29 +0000 2016,@megynkelly @songbirdcd @brithume I think that's what Jeb Bush keeps saying to himself!,0.0,0.0
Thu Apr 21 22:49:16 +0000 2016,RT @Always_Trump: Trump humbly takes credit for breaking Jeb! Bush - https://t.co/qGaQMW2mUb https://t.co/qsqfqtdJEd,-0.25,0.4
Thu Apr 21 22:49:22 +0000 2016,"Never forget Trump attacking Jeb Bush for speaking ""Mexican"" #MakeDonaldDrumphAgain",0.0,0.0
Thu Apr 21 22:49:52 +0000 2016,RT @Always_Trump: Trump humbly takes credit for breaking Jeb! Bush - https://t.co/qGaQMW2mUb https://t.co/qsqfqtdJEd,-0.25,0.4
Thu Apr 21 22:54:13 +0000 2016,RT @Always_Trump: Trump humbly takes credit for breaking Jeb! Bush - https://t.co/qGaQMW2mUb https://t.co/qsqfqtdJEd,-0.25,0.4
Thu Apr 21 22:57:47 +0000 2016,"@ByYourLogic ""I hear Jeb Bush saying it's cool to hate Muslims."" I'll show him! *smooches an imam*",-0.325,0.775
Sat Apr 23 01:25:56 +0000 2016,"A Jeb Bush speaks truth, saying publicly what shadow peoples say privately. https://t.co/OinArHIDGS",0.484454,0.22083333333333333
Sat Apr 23 01:28:38 +0000 2016,Jeb Bush lost why are we still seeing @KarlRove,0.0,0.0
Sat Apr 23 01:32:32 +0000 2016,"""a heartbreaking work of staggering genius"" -Jeb! Bush https://t.co/hDDFNJePcm @YoMumblr",0,0.0
Sat Apr 23 01:35:40 +0000 2016,@Loca2733Mc @MSNBC Jeb Bush Should be a Felon! &amp; if was in Power he Would be!,0.0,0.0
Sat Apr 23 01:52:32 +0000 2016,MT @gerfingerpoken: Jeb Bush vs. the 2nd Amendment - Sees no national right to bear arms. https://t.co/ybjWvMGJPx #WakeUpAmerica #PJNET,0.14285714285714285,0.26785714285714285
Sat Apr 23 01:52:43 +0000 2016,RT @RogerJStoneJr: @Collinsdw @tedcruz @BreitbartNews @tedcruz can't fart without permission of Jeb and Neil Bush and Goldman Sachs,0.0,0.0
Sat Apr 23 01:54:05 +0000 2016,RT @RogerJStoneJr: @Collinsdw @tedcruz @BreitbartNews @tedcruz can't fart without permission of Jeb and Neil Bush and Goldman Sachs,0.0,0.0
Sat Apr 23 01:54:44 +0000 2016,RT @RogerJStoneJr: @Collinsdw @tedcruz @BreitbartNews @tedcruz can't fart without permission of Jeb and Neil Bush and Goldman Sachs,0.0,0.0
Sat Apr 23 01:55:12 +0000 2016,RT @RogerJStoneJr: @Collinsdw @tedcruz @BreitbartNews @tedcruz can't fart without permission of Jeb and Neil Bush and Goldman Sachs,0.0,0.0
Sat Apr 23 01:55:44 +0000 2016,First Read: Jeb Bush's Problem with Conservatives https://t.co/XLl3KltiDI via @nbcnews,0.25,0.3333333333333333
Sat Apr 23 01:56:10 +0000 2016,@twitersgoodboy in 2040 Jeb Bush III will be outed for being a Deadmau5 fan and this will ironically win him the election,0.8,0.4
Sat Apr 23 02:17:45 +0000 2016,"Jeb Bush's Campaign, Once Flush With Cash, Is Now $260,000 in Debt https://t.co/G3RSw2xNve #Liberal",0.0582478,0.0
Sat Apr 23 02:28:59 +0000 2016,RT @exlibinfla: Vintage Jeb! Jeb likes keeping our country safe. Jeb Bush #JebBush https://t.co/608UgN2sCF,0.5,0.5
Sat Apr 23 02:38:58 +0000 2016,Not if the kid is Jeb! Bush https://t.co/u21Oi0LxO1,0.484454,0.0
Sat Apr 23 02:39:42 +0000 2016,We continue to push the Jeb Bush of the most modern military aircraft. https://t.co/K2BurQ7YLe,0.19999999999999998,0.3
Sat Apr 23 02:40:42 +0000 2016,@realDonaldTrump         https://t.co/W5G9XrC8gZ  Jeb Bush Nazi ties  Why is Jeb even backing #Lyin'TedCruz?  Where is Jeb?,0,0.0
Sat Apr 23 02:44:30 +0000 2016,"@LynnVerde @mitchellvii He made them look inferior. If Trump didn't run, Jeb Bush would be the nominee.",0.0,0.0
Sat Apr 23 02:44:51 +0000 2016,"RT @Nick_Kokkinos: Hello? Jeb Bush gets call on Apple Watch, gets confused https://t.co/cVno9XQQ7J via @YouTube",-0.4,0.7
Sat Apr 23 02:46:44 +0000 2016,Is this Jeb and Columba Bush when they were a young married couple?  https://t.co/F4BinYKkxa,0.175,0.325
Sat Apr 23 02:49:33 +0000 2016,RT @IngrahamAngle: REPORT: Marco &amp; Jeb burned thru $235 million before they dropped out. https://t.co/81YdlGkpdh,-0.308143,0.0
Sat Apr 23 02:49:58 +0000 2016,RT @IngrahamAngle: REPORT: Marco &amp; Jeb burned thru $235 million before they dropped out. https://t.co/81YdlGkpdh,-0.308143,0.0
Sat Apr 23 02:50:37 +0000 2016,RT @IngrahamAngle: REPORT: Marco &amp; Jeb burned thru $235 million before they dropped out. https://t.co/81YdlGkpdh,-0.308143,0.0
Sat Apr 23 02:50:59 +0000 2016,RT @IngrahamAngle: REPORT: Marco &amp; Jeb burned thru $235 million before they dropped out. https://t.co/81YdlGkpdh,-0.308143,0.0
Sat Apr 23 02:51:28 +0000 2016,RT @IngrahamAngle: REPORT: Marco &amp; Jeb burned thru $235 million before they dropped out. https://t.co/81YdlGkpdh,-0.308143,0.0
Sat Apr 23 02:53:34 +0000 2016,RT @IngrahamAngle: REPORT: Marco &amp; Jeb burned thru $235 million before they dropped out. https://t.co/81YdlGkpdh,-0.308143,0.0
Sat Apr 23 02:56:23 +0000 2016,RT @IngrahamAngle: REPORT: Marco &amp; Jeb burned thru $235 million before they dropped out. https://t.co/81YdlGkpdh,-0.308143,0.0
Sat Apr 23 02:57:13 +0000 2016,@rightwinglatina That's funny. I could've sworn I just heard Jeb Bush scream.,0.25,1.0
Sat Apr 23 02:58:22 +0000 2016,RT @IngrahamAngle: REPORT: Marco &amp; Jeb burned thru $235 million before they dropped out. https://t.co/81YdlGkpdh,-0.308143,0.0
Sat Apr 23 03:00:23 +0000 2016,"Two months later, Donald Trump is still gloating about beating Jeb Bush https://t.co/JmzNdTXHwn",0,0.0
Sat Apr 23 03:02:46 +0000 2016,RT @IngrahamAngle: REPORT: Marco &amp; Jeb burned thru $235 million before they dropped out. https://t.co/81YdlGkpdh,-0.308143,0.0
Sat Apr 23 03:03:45 +0000 2016,Will consume this bush just like I did that Jeb one!  https://t.co/S4YvyT1clx,0.484454,0.0
Sat Apr 23 03:05:23 +0000 2016,RT @IngrahamAngle: REPORT: Marco &amp; Jeb burned thru $235 million before they dropped out. https://t.co/81YdlGkpdh,-0.308143,0.0
Sat Apr 23 03:07:19 +0000 2016,HOLY SHIT https://t.co/eAakoZUskE,-0.2,0.8
Sat Apr 23 03:07:41 +0000 2016,How much food could we have purchased for homeless people with that kind of money ? https://t.co/OV8kmjdKpz,0.4,0.55
Sat Apr 23 03:11:06 +0000 2016,RT @Wisdom2Masses: HOLY SHIT https://t.co/eAakoZUskE,-0.2,0.8
Sat Apr 23 03:13:15 +0000 2016,RT @dmorrow1125: How much food could we have purchased for homeless people with that kind of money ? https://t.co/OV8kmjdKpz,0.4,0.55
Sat Apr 23 03:15:40 +0000 2016,RT @IngrahamAngle: REPORT: Marco &amp; Jeb burned thru $235 million before they dropped out. https://t.co/81YdlGkpdh,-0.308143,0.0
Sat Apr 23 03:16:16 +0000 2016,I fucking hate Jeb Bush,-0.8,0.9
Sat Apr 23 03:17:02 +0000 2016,"Really disappointed in Jeb Bush, Carly Fiorina and Ted Cruz didn't have more to say about opioids addiction.",-0.125,0.625
Sat Apr 23 03:18:23 +0000 2016,@LindaSuhler come on men use men's room women use women's unidentifiable hold it or use a bush ! (Jeb ok),0.5,0.5
Sat Apr 23 03:19:09 +0000 2016,"jeb bush was a goof. a goober. a sinple man. oh jeb, i miss the simpler times.",0.0,0.0
Sat Apr 23 03:20:44 +0000 2016,@autumnrainwish @HillaryClinton Jeb Bush and Ted Cruz are quit ugly women but i won't judge.,-0.7,1.0
Sat Apr 23 03:21:22 +0000 2016,The Jeb Bush they provide is formidable. They business meeting themselves on the back. https://t.co/t1CCgY5ouE,0.484454,0.0
Sat Apr 23 03:21:39 +0000 2016,Play Jeb Bush speeches. https://t.co/zd54uhmCXm,0.484454,0.0
Sat Apr 23 03:21:51 +0000 2016,RT @TheBeardedPole: Play Jeb Bush speeches. https://t.co/zd54uhmCXm,0.484454,0.0
Sat Apr 23 03:25:42 +0000 2016,I liked a @YouTube video https://t.co/LYXSAOVZhR WATCH THE GRASS GROW - Hilarious Jeb Bush Memes,0.55,0.9
Sat Apr 23 03:33:27 +0000 2016,"I'm watching an SNL from 2000 during the presidential recount crap, and Val Kilmer is playing Jeb Bush. Kiiiiiiiiind of a stretch, there.",-0.8,0.8
Sat Apr 23 03:34:52 +0000 2016,Panthers isles series should be renamed the jeb  bush series real low energy,0.0,0.44999999999999996
Sat Apr 23 03:39:22 +0000 2016,@WeOfThePeopleR1 The last time they did that Cruz hired Neil Bush to run his campaign--since he'd done such a good job for Jeb-,0.2333333333333333,0.3888888888888889
Sat Apr 23 03:40:56 +0000 2016,@elevensages @tracieeeeee @jerhyr60 @Kotcha301 tell Jeb bush and GOP for supporting him,0.25,0.25
Sat Apr 23 03:43:30 +0000 2016,RT @HessionPari: @elevensages @tracieeeeee @jerhyr60 @Kotcha301 tell Jeb bush and GOP for supporting him,0.25,0.25
Sat Apr 23 03:49:10 +0000 2016,@LouDobbs he's running against an amphibian in human form and a guy with the charisma of Jeb Bush's sweaty g-string.,0.0,0.1
Sat Apr 23 03:59:15 +0000 2016,Which one of you pickle heads just called me under restricted and left me a 3 minutes voicemail of Donald Trump making fun of Jeb Bush,0.15,0.1
Sat Apr 23 03:59:28 +0000 2016,"@MerlePearl @AJDelgado13 Club4Growth, Jeb Bush&amp;Lindsey Graham back Ted. They're the biggest amnesty pushers in country. Y do they like Ted?",0.0,0.0
Sat Apr 23 04:00:14 +0000 2016,"@JuliannAndreen @StopTrumpPAC 
Much more likely to be Jeb Bush on a second vote. He has more money for a campaign run",0.25,0.5
Sat Apr 23 04:00:44 +0000 2016,RT @RogerJStoneJr: @Collinsdw @tedcruz @BreitbartNews @tedcruz can't fart without permission of Jeb and Neil Bush and Goldman Sachs,0.0,0.0
Sat Apr 23 04:06:40 +0000 2016,Jeb bush can't melt steel beams,0.0,0.0
Sat Apr 23 04:07:38 +0000 2016,tbh I really miss 2016 presidential candidate jeb bush,0.2,0.2
Sat Apr 23 04:11:51 +0000 2016,RT @dm_markske: @jaketapper Trump-Jeff Sessions; Cruz-Susan Collins; Kasich-Jeb Bush; Clinton-Elizabeth Warren; Sanders-J. Hickenlooper,0.0,0.0
Sat Apr 23 04:18:11 +0000 2016,RT @AnimeAndChill: Sword Art Online was a bigger mess than Jeb Bush.,-0.0875,0.3375
Sat Apr 23 04:25:31 +0000 2016,RT @RogerJStoneJr: @Collinsdw @tedcruz @BreitbartNews @tedcruz can't fart without permission of Jeb and Neil Bush and Goldman Sachs,0.0,0.0
Sat Apr 23 04:34:45 +0000 2016,OMG!! Outsider @tedcruz w/ Jeb Bush Neil Bush who stole CO Silverado Savings &amp; Loan handling Finance 4 Cruz Campsign https://t.co/Y9ruzSXL51,0.484454,0.0
Sat Apr 23 04:37:23 +0000 2016,I miss Jeb Bush more and more everyday.,0.26666666666666666,0.5333333333333333
Sat Apr 23 04:46:29 +0000 2016,"""Always remember.... Jeb Bush did 9/11.""",0.0,0.0
Sat Apr 23 04:47:28 +0000 2016,"@Fer_Echavarri @LatinoUSA Granted that Senator Cruz is of Cuban decent, one must know that both Jeb Bush &amp; Sen. Marco Rubio speak Spanish.",0.08333333333333333,0.3333333333333333
Sat Apr 23 04:52:29 +0000 2016,Exclusive: Jeb Bush Mocks 9/11 Victims' Families https://t.co/ebwn20jzf1 via @YouTube,-0.801623,0.0
Sat Apr 23 04:52:43 +0000 2016,Exclusive! Jeb Bush Dodges Another 9/11 Bullet https://t.co/TyVl4lGigb via @YouTube,-0.17768,0.0
Sat Apr 23 04:56:35 +0000 2016,"RT @funcoolmami: my whole life is the emotional equivalent to Jeb bush saying ""please clap""",0.1,0.525
Sat Apr 23 05:02:37 +0000 2016,RT @RogerJStoneJr: @Collinsdw @tedcruz @BreitbartNews @tedcruz can't fart without permission of Jeb and Neil Bush and Goldman Sachs,0.0,0.0
Sat Apr 23 05:04:16 +0000 2016,AN AQUATIC UNIT HAS SUCCESSFULLY PITTED JOHN KASICH AGAINST JEB BUSH.,0.75,0.95
Sat Apr 23 05:05:31 +0000 2016,@kept_simple wonder what the overlap is like between anti-nader people and those who mourned jeb bush dropping out of the race,0.0,0.0
Sat Apr 23 05:05:44 +0000 2016,RT @RogerJStoneJr: @Collinsdw @tedcruz @BreitbartNews @tedcruz can't fart without permission of Jeb and Neil Bush and Goldman Sachs,0.0,0.0
Sat Apr 23 05:07:46 +0000 2016,RT @RogerJStoneJr: @Collinsdw @tedcruz @BreitbartNews @tedcruz can't fart without permission of Jeb and Neil Bush and Goldman Sachs,0.0,0.0
Sat Apr 23 05:17:01 +0000 2016,"@JebBush @ananavarro You shouldn't bear the name Bush. I m sure that's why u called yourself Jeb!, because u know that u r not worthy of",0.22916666666666669,0.9444444444444444
Sat Apr 23 05:29:20 +0000 2016,'My Bad': Jeb Bush Explains Forgetting Where Tamir Rice Was Shot https://t.co/0M5n4LHtE8,-0.6999999999999998,0.6666666666666666
Sat Apr 23 05:29:43 +0000 2016,RT @RogerJStoneJr: @Collinsdw @tedcruz @BreitbartNews @tedcruz can't fart without permission of Jeb and Neil Bush and Goldman Sachs,0.0,0.0
Sat Apr 23 05:31:45 +0000 2016,RT @RogerJStoneJr: @Collinsdw @tedcruz @BreitbartNews @tedcruz can't fart without permission of Jeb and Neil Bush and Goldman Sachs,0.0,0.0
Sat Apr 23 05:34:35 +0000 2016,RT @RogerJStoneJr: @Collinsdw @tedcruz @BreitbartNews @tedcruz can't fart without permission of Jeb and Neil Bush and Goldman Sachs,0.0,0.0
Sat Apr 23 05:37:47 +0000 2016,RT @RogerJStoneJr: @Collinsdw @tedcruz @BreitbartNews @tedcruz can't fart without permission of Jeb and Neil Bush and Goldman Sachs,0.0,0.0
Sat Apr 23 05:43:12 +0000 2016,I want to see Trump start subtweeting Jeb Bush.,0.0,0.0
Sat Apr 23 06:13:48 +0000 2016,@BridgeErick @MikeMacck @Ricky_Vaughn99 @chalkstain @OneTonTurtle Jeb Bush probably beats Hillary. We have the 2 least electable candidates,-0.3,0.4
Sat Apr 23 06:14:00 +0000 2016,@__jacquelyn_ Bush &amp; Graham called out Rubio for it. https://t.co/E6Ptf95uEl,-0.492598,0.0
Sat Apr 23 06:14:33 +0000 2016,@__jacquelyn_ Bush &amp; Graham called out Rubio for it. https://t.co/E6Ptf95uEl,-0.492598,0.0
Sat Apr 23 06:15:58 +0000 2016,@BridgeErick Facts? He just praised Jeb Bush. You guys are utter shills.  @KingBronko @Ricky_Vaughn99 @chalkstain @OneTonTurtle,0.0,1.0
Sat Apr 23 06:27:29 +0000 2016,I wonder if Jeb Bush's delegates are still bound...LOL https://t.co/GtAa7j3K5g,0.484454,0.0
Sat Apr 23 06:28:22 +0000 2016,"What do Ted Cruz, Rick Santorum and Jeb Bush Have In Common? Josh Duggar | US News https://t.co/jpNmNdgoyY",-0.3,0.5
Sat Apr 23 06:44:54 +0000 2016,RT @LiberalinMD: @BryanDawsonUSA @Wobenar @suzettepetillo @cromgood @david_dhoeftmb @skookerG Beistle girl. https://t.co/DhWut4IhQX,-0.372555,0.0
Sat Apr 23 06:46:23 +0000 2016,"Jeb Bush is so dry omg. Not 1 ounce of charisma, my goodness. Has a more monotone voice ever existed?",0.21666666666666667,0.55
Sat Apr 23 06:49:34 +0000 2016,"Trump Humbly Takes Credit for Breaking Jeb Bush
https://t.co/Yczoa73pNq",-0.2,0.4
Sat Apr 23 07:00:08 +0000 2016,RT @RogerJStoneJr: @Collinsdw @tedcruz @BreitbartNews @tedcruz can't fart without permission of Jeb and Neil Bush and Goldman Sachs,0.0,0.0
Sat Apr 23 07:06:38 +0000 2016,RT @RogerJStoneJr: @Collinsdw @tedcruz @BreitbartNews @tedcruz can't fart without permission of Jeb and Neil Bush and Goldman Sachs,0.0,0.0
Sat Apr 23 07:07:35 +0000 2016,Jeb Bush: If GB made that decision to Leave the EU of course the US would work with them on a trade agreement. https://t.co/8AkCwinwB3,0.484454,0.0
Sat Apr 23 07:10:06 +0000 2016,Tell the idiot Obama https://t.co/Ya3MwiYBvL,-0.8,0.8
Sat Apr 23 07:16:54 +0000 2016,I miss the jeb bush smoking weed meme.,0.0,0.0
Sat Apr 23 07:21:42 +0000 2016,Trump Humbly Takes Credit for Breaking Jeb Bush via /r/politics @Futurist110 https://t.co/eDjrf25NfN https://t.co/tV1AhAuGLt,-0.2,0.4
Sat Apr 23 07:36:15 +0000 2016,Obama no special relationship get to back of Q.Wants to negotiate with UK in block EU so your interest not represent https://t.co/RcnvWkJFBq,-0.08928571428571429,0.2857142857142857
Sat Apr 23 07:48:59 +0000 2016,"hey, remember last year when it was possible to describe Jeb Bush as a Republican frontrunner without immediately laughing?  What was that?",0.0,0.5333333333333333
Sat Apr 23 07:56:23 +0000 2016,RT @IngrahamAngle: REPORT: Marco &amp; Jeb burned thru $235 million before they dropped out. https://t.co/81YdlGkpdh,-0.308143,0.0
Sat Apr 23 08:00:14 +0000 2016,"Diane Von Furstenberg -- My Vote's for Jeb 'Fashionista' Bush!!! (VIDEO) tmz:video id=""0 https://t.co/tG5YcJbeaZ",-0.389525,0.0
Sat Apr 23 08:27:38 +0000 2016,@clmazin would you trade Cruz if it meant having to be roommates with Jeb! Bush?,0.0,0.0
Sat Apr 23 08:27:57 +0000 2016,"RT @Adrian10203764: Trump Humbly Takes Credit for Breaking Jeb Bush
https://t.co/Yczoa73pNq",-0.2,0.4
Sat Apr 23 08:30:43 +0000 2016,Jeb Bush has pledged that if Trump makes him his VP choice he will put a full 86.5% of his low energy into the Presidential campaign.  #gop,0.175,0.42500000000000004
Sat Apr 23 08:43:36 +0000 2016,RT @IngrahamAngle: REPORT: Marco &amp; Jeb burned thru $235 million before they dropped out. https://t.co/81YdlGkpdh,-0.308143,0.0
Sat Apr 23 08:44:19 +0000 2016,RT @RogerJStoneJr: @Collinsdw @tedcruz @BreitbartNews @tedcruz can't fart without permission of Jeb and Neil Bush and Goldman Sachs,0.0,0.0
Sat Apr 23 08:48:39 +0000 2016,Aren't these guys a cheerful bunch?! Thank the lord we have @realDonaldTrump to save us from the #RNC. #Trump2016 https://t.co/GFDq5icqrp,0.5,1.0
Sat Apr 23 09:16:39 +0000 2016,#thepaleodietrecipecookbook Jeb Bush's Paleo Diet - New York Times https://t.co/G2HCfpFaGb,0.13636363636363635,0.45454545454545453
Sat Apr 23 09:23:10 +0000 2016,RT @marylovefreedom: Is this Jeb and Columba Bush when they were a young married couple?  https://t.co/F4BinYKkxa,0.175,0.325
Sat Apr 23 09:24:54 +0000 2016,RT @marylovefreedom: Is this Jeb and Columba Bush when they were a young married couple?  https://t.co/F4BinYKkxa,0.175,0.325
Sat Apr 23 09:59:55 +0000 2016,"I don't get it. If only Jeb Bush was still in the race, I would've rooted for him all the way.",0.0,1.0
Sat Apr 23 10:04:15 +0000 2016,A COMMANDER UNIT HAS SUCCESSFULLY CHALLENGED JEB BUSH'S EGO.,0.75,0.95
Sat Apr 23 10:25:31 +0000 2016,Then one has to wonder why POTUS made the statement he did? https://t.co/MNtkZOoCfq,0.484454,0.0
Sat Apr 23 10:33:32 +0000 2016,RT @Dinostratus: Then one has to wonder why POTUS made the statement he did? https://t.co/MNtkZOoCfq,0.484454,0.0
Sat Apr 23 10:43:56 +0000 2016,RT @RogerJStoneJr: @Collinsdw @tedcruz @BreitbartNews @tedcruz can't fart without permission of Jeb and Neil Bush and Goldman Sachs,0.0,0.0
Sat Apr 23 10:44:46 +0000 2016,i only just dont show up on Google Images when people Google search Jeb Bush,0.0,1.0
Sat Apr 23 11:04:39 +0000 2016,"@JebBush Goodday  Brother Jeb Bush, I am Mr.Musa Aliyu, I contacted you regards to a particular chemical product needed in our company",0.16666666666666666,0.3333333333333333
Sat Apr 23 11:06:36 +0000 2016,RT @RogerJStoneJr: @Collinsdw @tedcruz @BreitbartNews @tedcruz can't fart without permission of Jeb and Neil Bush and Goldman Sachs,0.0,0.0
Sat Apr 23 11:24:15 +0000 2016,AN AERIAL UNIT HAS SUCCESSFULLY PITTED JEB BUSH AGAINST BOBBY JINDAL.,0.75,0.95
Sat Apr 23 11:30:08 +0000 2016,"@psalm82 @mattsircely First of all, Gov Jeb Bush did it for his brother in 2000 Florida. So, yes it's absolutely possible",0.125,0.6666666666666666
Sat Apr 23 11:32:38 +0000 2016,Jeb Bush supporter: 'South Carolina is Bush country' https://t.co/GAn3w39uFm #Ghostbusters #GIFparty #Biathlon #Hitlerdroge #WorldBookDay,-0.44109,0.0
Sat Apr 23 11:33:14 +0000 2016,HRC &gt; JEB BUSH AWARD &gt; $$$ @NomikiKonst @jimcastleberry @BernieVolunteer @bad_bad_bernie https://t.co/VbyeIzXZLu,0.484454,0.0
Sat Apr 23 11:35:48 +0000 2016,"The Real Truth About Jeb Bush CIA Sociopath
https://t.co/VdUnR8fJkE

04/23/16 03:35:48",0.2,0.30000000000000004
Sat Apr 23 11:38:28 +0000 2016,RT @AnimeAndChill: Sword Art Online was a bigger mess than Jeb Bush.,-0.0875,0.3375
Sat Apr 23 11:45:03 +0000 2016,Jeb Bush tweeted about Passover &amp; this isn't even the 1st time he's tweeted with respect of a religion not even his own &amp; UGH MISS YOU JEB.,0.6,1.0
Sat Apr 23 12:09:30 +0000 2016,I have more respect for Jeb bush than this Coveted Loser. Smh  https://t.co/5Kntgd839d,0.5,0.5
Sat Apr 23 12:12:53 +0000 2016,I have more respect for Jeb bush who dropped out to make sure he doesn't waste his campaign money than this Loser. https://t.co/5Kntgd839d,0.26666666666666666,0.46296296296296297
Sat Apr 23 12:21:03 +0000 2016,RT @IngrahamAngle: REPORT: Marco &amp; Jeb burned thru $235 million before they dropped out. https://t.co/81YdlGkpdh,-0.308143,0.0
Sat Apr 23 12:23:49 +0000 2016,It's really no surprise that Jeb has endorsed Ted Cruz; Cruz is basically angling for the third term of W. Bush. #MAGA @HouseRadioTV,-0.05,0.1
Sat Apr 23 12:24:16 +0000 2016,RT @IngrahamAngle: REPORT: Marco &amp; Jeb burned thru $235 million before they dropped out. https://t.co/81YdlGkpdh,-0.308143,0.0
Sat Apr 23 12:25:29 +0000 2016,RT @IngrahamAngle: REPORT: Marco &amp; Jeb burned thru $235 million before they dropped out. https://t.co/81YdlGkpdh,-0.308143,0.0
Sat Apr 23 12:25:41 +0000 2016,"bush family ... old white money at its finest , right up there with rockafella and rothschild https://t.co/PwggJwsJxP",0.12857142857142856,0.24523809523809526
